{
  "xgb_accuracy": 0.4882882882882883,
  "lgb_accuracy": 0.5531531531531532,
  "gb_accuracy": 0.4990990990990991,
  "lstm_accuracy": 0.5514018691588785,
  "ensemble_accuracy": 0.4972972972972973,
  "xgb_weight": 0.3169590643274854,
  "lgb_weight": 0.35906432748538014,
  "gb_weight": 0.32397660818713453,
  "lstm_available": true,
  "kelly_fraction": 0.023387329093903928,
  "win_rate": 0.5650793650775712,
  "avg_win": 0.006867824063856879,
  "avg_loss": 0.008184540471441846,
  "n_features": 25,
  "feature_names": [
    "ret_1",
    "ret_3",
    "ret_5",
    "ret_10",
    "ret_20",
    "ema_9_dist",
    "ema_21_dist",
    "ema_50_dist",
    "ema_100_dist",
    "ema_cross_9_21",
    "rsi",
    "macd",
    "macd_hist",
    "atr_pct",
    "bb_width",
    "bb_pos",
    "adx",
    "vol_ratio",
    "body_pct",
    "upper_wick",
    "lower_wick",
    "mom_10",
    "roc_5",
    "regime",
    "news_score"
  ],
  "n_train": 2218,
  "n_val": 555,
  "trained_at": "2026-03-03 08:15:39"
}