{
  "trainer_version": "v7",
  "best_strategy": "stacking_meta",
  "best_accuracy": 0.7927927927927928,
  "model_accuracies": {
    "xgb": 0.5027027027027027,
    "lgb": 0.5171171171171172,
    "gb": 0.4918918918918919,
    "cb": 0.5297297297297298,
    "rf": 0.5351351351351351,
    "lstm": 0.5158878504672897,
    "tft": 0.5327102803738317,
    "tcn": 0.4803738317757009,
    "nbeats": 0.5158878504672897,
    "nhits": 0.5121495327102804
  },
  "weights": [
    0.01675365344467624,
    0.10610647181628424,
    0.0,
    0.18429018789144072,
    0.2177974947807932,
    0.0984864300626303,
    0.20276617954070955,
    0.0,
    0.0984864300626303,
    0.0753131524008353
  ],
  "features": [
    "ret_1",
    "ret_2",
    "ret_3",
    "ret_5",
    "ret_10",
    "ret_20",
    "ema_9_dist",
    "ema_21_dist",
    "ema_50_dist",
    "ema_100_dist",
    "ema_cross_9_21",
    "ema_cross_21_50",
    "rsi",
    "rsi_extreme",
    "macd",
    "macd_hist",
    "atr_pct",
    "bb_width",
    "bb_pos",
    "adx",
    "stoch_k",
    "stoch_kd_cross",
    "vol_ratio",
    "body_pct",
    "upper_wick",
    "lower_wick",
    "candle_dir",
    "mom_10",
    "roc_5",
    "vol_regime",
    "pos_in_range_20",
    "hour_sin",
    "hour_cos",
    "dow_sin",
    "dow_cos",
    "session",
    "regime",
    "news_score"
  ],
  "n_features": 38,
  "seq_len": 20,
  "top3_models": [
    "cb",
    "tft",
    "rf"
  ],
  "top5_models": [
    "lstm",
    "lgb",
    "cb",
    "tft",
    "rf"
  ],
  "regime_codes": {
    "CHOPPY_RANGE": 0,
    "HIGH_VOL_BREAKOUT": 1,
    "LOW_VOL_COMPRESSION": 2,
    "TREND_DOWN": 3,
    "TREND_UP": 4
  },
  "trained_at": "2026-03-05T09:28:03.146135",
  "deep_learning_models": [
    "lstm",
    "tft",
    "tcn",
    "nbeats",
    "nhits"
  ]
}