{
  "trainer_version": "v7",
  "best_strategy": "stacking_meta",
  "best_accuracy": 0.8216216216216217,
  "model_accuracies": {
    "xgb": 0.5099099099099099,
    "lgb": 0.5603603603603604,
    "gb": 0.5333333333333333,
    "cb": 0.563963963963964,
    "rf": 0.5477477477477477,
    "lstm": 0.4897196261682243,
    "tft": 0.5364485981308411,
    "tcn": 0.5457943925233645,
    "nbeats": 0.5457943925233645,
    "nhits": 0.5457943925233645
  },
  "weights": [
    0.02546571756204161,
    0.1551093706051625,
    0.08565741361777622,
    0.16436963153681391,
    0.12269845734438206,
    0.0,
    0.0936627793764469,
    0.11767887665245894,
    0.11767887665245894,
    0.11767887665245894
  ],
  "features": [
    "ret_1",
    "ret_2",
    "ret_3",
    "ret_5",
    "ret_10",
    "ret_20",
    "ema_9_dist",
    "ema_21_dist",
    "ema_50_dist",
    "ema_100_dist",
    "ema_cross_9_21",
    "ema_cross_21_50",
    "rsi",
    "rsi_extreme",
    "macd",
    "macd_hist",
    "atr_pct",
    "bb_width",
    "bb_pos",
    "adx",
    "stoch_k",
    "stoch_kd_cross",
    "vol_ratio",
    "body_pct",
    "upper_wick",
    "lower_wick",
    "candle_dir",
    "mom_10",
    "roc_5",
    "vol_regime",
    "pos_in_range_20",
    "hour_sin",
    "hour_cos",
    "dow_sin",
    "dow_cos",
    "session",
    "regime",
    "news_score"
  ],
  "n_features": 38,
  "seq_len": 20,
  "top3_models": [
    "rf",
    "lgb",
    "cb"
  ],
  "top5_models": [
    "nbeats",
    "nhits",
    "rf",
    "lgb",
    "cb"
  ],
  "regime_codes": {
    "CHOPPY_RANGE": 0,
    "HIGH_VOL_BREAKOUT": 1,
    "LOW_VOL_COMPRESSION": 2,
    "TREND_DOWN": 3,
    "TREND_UP": 4
  },
  "trained_at": "2026-03-04T10:38:48.503842",
  "deep_learning_models": [
    "lstm",
    "tft",
    "tcn",
    "nbeats",
    "nhits"
  ]
}