{
  "trainer_version": "v7",
  "best_strategy": "stacking_meta",
  "best_accuracy": 0.7007518796992481,
  "model_accuracies": {
    "xgb": 0.5037593984962406,
    "lgb": 0.5172932330827068,
    "gb": 0.518796992481203,
    "cb": 0.5223057644110276,
    "rf": 0.5228070175438596,
    "lstm": 0.5281012658227848,
    "tft": 0.5149367088607595,
    "tcn": 0.5230379746835443,
    "nbeats": 0.5265822784810127,
    "nhits": 0.5184810126582279
  },
  "weights": [
    0.019170662576925443,
    0.08818504785385659,
    0.09585331288462665,
    0.11374593128975699,
    0.11630201963334663,
    0.14329948942944223,
    0.07616819708411784,
    0.11747976160431738,
    0.13555357108190488,
    0.09424200656170535
  ],
  "features": [
    "ret_1",
    "ret_2",
    "ret_3",
    "ret_5",
    "ret_10",
    "ret_20",
    "ema_9_dist",
    "ema_21_dist",
    "ema_50_dist",
    "ema_100_dist",
    "ema_cross_9_21",
    "ema_cross_21_50",
    "rsi",
    "rsi_extreme",
    "macd",
    "macd_hist",
    "atr_pct",
    "bb_width",
    "bb_pos",
    "adx",
    "stoch_k",
    "stoch_kd_cross",
    "vol_ratio",
    "body_pct",
    "upper_wick",
    "lower_wick",
    "candle_dir",
    "mom_10",
    "roc_5",
    "vol_regime",
    "pos_in_range_20",
    "hour_sin",
    "hour_cos",
    "dow_sin",
    "dow_cos",
    "session",
    "regime",
    "news_score"
  ],
  "n_features": 38,
  "seq_len": 20,
  "top3_models": [
    "tcn",
    "nbeats",
    "lstm"
  ],
  "top5_models": [
    "cb",
    "rf",
    "tcn",
    "nbeats",
    "lstm"
  ],
  "regime_codes": {},
  "trained_at": "2026-03-04T11:00:23.084616"
}